username,ip,country,city,status,timestamp
rahul,155.250.112.177,Australia,Melbourne,success,2026-03-05 14:16:00
john,55.17.225.101,USA,New York,failed,2026-03-04 16:00:00
kiran,49.231.41.217,India,Bangalore,success,2026-03-04 21:47:00
alice,82.129.81.90,India,Chennai,success,2026-03-09 23:14:00
meera,34.164.182.19,Germany,Berlin,success,2026-03-05 02:44:00
kiran,210.226.223.224,India,Delhi,success,2026-03-18 00:19:00
rahul,161.157.136.156,Germany,Berlin,success,2026-03-26 08:08:00
deepa,30.76.128.38,UK,Manchester,failed,2026-03-16 01:53:00
charan,234.233.49.205,USA,Los Angeles,success,2026-03-25 12:50:00
sankar,209.202.17.143,India,Bangalore,success,2026-03-15 19:17:00
deepa,176.173.163.17,UK,Manchester,success,2026-03-17 08:00:00
sankar,222.104.239.55,India,Delhi,failed,2026-03-26 06:07:00
sankar,87.98.117.235,Australia,Sydney,failed,2026-03-14 06:00:00
alice,188.197.61.147,Canada,Toronto,success,2026-03-18 15:05:00
john,69.75.150.206,UK,London,success,2026-03-30 07:08:00
bob,11.133.176.162,Canada,Vancouver,failed,2026-03-04 19:43:00
deepa,224.205.253.77,Canada,Toronto,success,2026-03-06 02:14:00
meera,62.81.50.10,Germany,Berlin,success,2026-03-15 06:02:00
rahul,131.137.208.19,Germany,Berlin,success,2026-03-22 04:45:00
kiran,159.7.206.194,USA,Chicago,failed,2026-03-01 00:04:00
kiran,70.175.145.116,UK,Manchester,failed,2026-03-03 01:03:00
charan,66.68.96.3,USA,Chicago,failed,2026-03-09 09:59:00
meera,252.178.215.38,Canada,Toronto,success,2026-03-06 13:56:00
rahul,72.175.186.217,Germany,Berlin,success,2026-03-26 02:40:00
vikram,4.152.52.124,UK,Manchester,success,2026-03-29 16:19:00
kiran,232.72.117.52,Canada,Vancouver,success,2026-03-05 04:27:00
kiran,118.239.22.72,Canada,Vancouver,failed,2026-03-09 04:42:00
kiran,67.34.217.80,Canada,Vancouver,failed,2026-03-27 02:55:00
alice,210.150.104.30,Australia,Melbourne,success,2026-03-14 11:00:00
rahul,171.118.34.153,Canada,Toronto,success,2026-03-10 09:17:00
alice,250.255.149.222,Canada,Toronto,success,2026-03-26 07:32:00
charan,178.208.55.72,USA,Los Angeles,success,2026-03-02 15:21:00
sankar,205.163.229.37,Germany,Munich,failed,2026-03-26 03:28:00
rahul,225.49.209.59,Canada,Vancouver,failed,2026-03-14 12:58:00
alice,124.109.221.36,Canada,Toronto,failed,2026-03-15 18:46:00
rahul,42.19.161.45,Germany,Berlin,success,2026-03-17 22:32:00
sankar,21.141.51.13,Australia,Melbourne,success,2026-03-18 20:09:00
rahul,143.144.19.100,Australia,Sydney,success,2026-03-24 01:17:00
meera,47.139.166.179,Canada,Toronto,success,2026-03-29 23:58:00
john,156.83.13.166,India,Bangalore,success,2026-03-13 01:00:00
alice,60.24.197.221,Canada,Toronto,failed,2026-03-23 20:08:00
kiran,123.115.174.10,Canada,Toronto,failed,2026-03-23 22:43:00
alice,58.104.161.216,Germany,Berlin,success,2026-03-06 22:48:00
rahul,254.85.14.167,India,Chennai,failed,2026-03-13 21:26:00
charan,233.79.84.163,Canada,Toronto,failed,2026-03-07 05:16:00
deepa,57.225.21.173,USA,Los Angeles,success,2026-03-05 23:53:00
john,80.189.239.211,Germany,Munich,success,2026-03-18 07:18:00
sankar,181.159.152.44,UK,London,failed,2026-03-05 09:22:00
vikram,107.218.147.71,Australia,Sydney,failed,2026-03-25 09:43:00
alice,17.42.253.9,India,Delhi,success,2026-03-17 16:06:00
kiran,216.30.148.132,Canada,Vancouver,success,2026-03-18 09:09:00
vikram,145.153.13.215,India,Delhi,success,2026-03-06 04:23:00
rahul,235.186.202.58,UK,London,failed,2026-03-14 06:26:00
alice,254.86.172.128,Germany,Berlin,success,2026-03-17 14:43:00
deepa,160.121.87.155,UK,London,success,2026-03-26 17:38:00
kiran,130.231.248.53,Canada,Vancouver,success,2026-03-06 07:16:00
alice,33.4.174.119,Australia,Melbourne,failed,2026-03-03 10:14:00
sankar,145.104.123.6,Canada,Vancouver,success,2026-03-16 02:21:00
bob,75.9.193.233,India,Bangalore,failed,2026-03-14 16:04:00
deepa,195.94.106.205,USA,Chicago,failed,2026-03-24 04:51:00
rahul,147.222.69.75,Germany,Berlin,success,2026-03-16 05:41:00
rahul,148.127.249.124,Germany,Berlin,success,2026-03-25 23:59:00
meera,228.144.75.96,Australia,Sydney,success,2026-03-26 12:30:00
charan,37.134.162.240,UK,London,success,2026-03-04 15:16:00
vikram,81.171.47.199,Canada,Vancouver,failed,2026-03-06 22:51:00
deepa,70.26.106.52,USA,New York,failed,2026-03-21 23:07:00
charan,214.44.119.40,Germany,Munich,failed,2026-03-14 23:09:00
charan,90.67.240.132,Germany,Munich,success,2026-03-29 06:47:00
sankar,142.90.185.115,India,Mumbai,success,2026-03-26 15:33:00
alice,91.34.47.37,Australia,Melbourne,success,2026-03-23 06:51:00
sankar,22.66.165.142,USA,Los Angeles,success,2026-03-15 17:12:00
alice,153.3.12.43,Germany,Munich,failed,2026-03-28 07:46:00
john,109.35.68.74,Australia,Melbourne,failed,2026-03-29 23:17:00
meera,158.91.242.161,India,Chennai,success,2026-03-04 17:09:00
vikram,239.253.140.83,Australia,Sydney,failed,2026-03-02 12:31:00
deepa,13.54.40.138,Australia,Melbourne,failed,2026-03-12 17:42:00
alice,230.89.212.1,UK,Manchester,failed,2026-03-16 10:02:00
sankar,153.96.217.207,India,Delhi,success,2026-03-09 02:41:00
meera,22.199.39.155,UK,Manchester,success,2026-03-26 04:38:00
bob,183.58.69.112,Canada,Toronto,success,2026-03-20 23:12:00
alice,144.133.184.111,Germany,Berlin,failed,2026-03-24 17:33:00
bob,179.195.171.7,Germany,Berlin,success,2026-03-26 20:13:00
alice,215.5.154.238,USA,Los Angeles,success,2026-03-05 13:49:00
john,167.52.231.46,USA,New York,failed,2026-03-14 02:39:00
charan,44.24.237.172,Germany,Munich,success,2026-03-20 01:58:00
bob,187.10.234.92,Australia,Sydney,success,2026-03-09 09:12:00
charan,46.45.114.234,Germany,Munich,success,2026-03-02 09:58:00
vikram,118.78.230.108,Germany,Berlin,success,2026-03-16 14:55:00
rahul,152.148.124.126,UK,Manchester,success,2026-03-20 11:03:00
john,253.173.17.194,UK,Manchester,success,2026-03-05 01:45:00
john,170.104.207.199,Australia,Melbourne,success,2026-03-03 03:01:00
deepa,234.109.66.153,USA,Chicago,success,2026-03-23 10:05:00
deepa,170.199.58.153,USA,New York,success,2026-03-08 18:34:00
kiran,220.44.3.99,Canada,Toronto,success,2026-03-27 21:51:00
vikram,155.197.211.20,Germany,Berlin,success,2026-03-14 12:41:00
alice,44.128.155.219,UK,London,failed,2026-03-01 12:05:00
sankar,157.38.246.70,Germany,Berlin,success,2026-03-24 12:46:00
alice,175.196.204.227,Canada,Vancouver,success,2026-03-16 05:03:00
meera,31.144.231.69,Canada,Toronto,success,2026-03-01 20:01:00
charan,123.66.233.205,Australia,Melbourne,success,2026-03-25 23:21:00
john,106.174.46.110,UK,Manchester,failed,2026-03-16 09:46:00
john,31.100.123.45,India,Bangalore,success,2026-03-03 00:21:00
alice,52.135.177.217,Canada,Vancouver,success,2026-03-16 23:52:00
john,25.161.135.146,India,Chennai,success,2026-03-27 12:08:00
charan,7.205.246.109,UK,Manchester,failed,2026-03-07 08:23:00
john,208.127.60.97,India,Chennai,success,2026-03-14 07:23:00
bob,233.9.82.252,Canada,Toronto,failed,2026-03-14 23:09:00
john,219.211.109.206,Canada,Vancouver,failed,2026-03-19 17:12:00
sankar,75.26.56.7,Canada,Toronto,failed,2026-03-20 02:18:00
deepa,183.135.254.236,Canada,Toronto,success,2026-03-08 23:44:00
john,65.244.189.22,USA,New York,failed,2026-03-22 06:24:00
bob,224.9.18.9,USA,Los Angeles,failed,2026-03-29 09:22:00
meera,243.164.104.203,Australia,Sydney,success,2026-03-21 07:03:00
vikram,189.97.9.27,UK,London,failed,2026-03-17 09:46:00
kiran,60.208.192.186,UK,London,failed,2026-03-16 15:09:00
john,151.11.224.146,Germany,Munich,failed,2026-03-14 02:44:00
rahul,102.107.82.110,India,Bangalore,success,2026-03-02 12:18:00
deepa,60.67.105.126,India,Mumbai,success,2026-03-05 10:46:00
alice,156.63.102.135,Canada,Vancouver,success,2026-03-29 17:28:00
kiran,239.244.237.51,India,Bangalore,success,2026-03-10 03:10:00
charan,93.141.159.86,Australia,Sydney,success,2026-03-10 14:50:00
john,39.106.218.240,Canada,Vancouver,failed,2026-03-12 14:25:00
alice,211.252.168.172,Australia,Sydney,failed,2026-03-01 05:34:00
rahul,65.32.6.5,Germany,Berlin,success,2026-03-08 04:31:00
bob,245.80.66.112,UK,Manchester,success,2026-03-12 05:01:00
charan,24.232.52.211,USA,New York,success,2026-03-08 06:26:00
john,222.138.42.143,India,Bangalore,success,2026-03-19 13:55:00
john,144.232.166.232,UK,Manchester,success,2026-03-30 08:00:00
kiran,59.146.110.74,Canada,Vancouver,success,2026-03-29 09:34:00
meera,64.148.179.214,India,Bangalore,failed,2026-03-10 19:46:00
john,146.188.247.149,Canada,Toronto,success,2026-03-12 13:11:00
alice,117.229.16.250,India,Chennai,success,2026-03-12 02:00:00
vikram,27.46.32.163,Australia,Sydney,success,2026-03-20 09:31:00
rahul,70.20.55.20,Canada,Vancouver,success,2026-03-05 22:31:00
deepa,210.179.109.227,Canada,Toronto,success,2026-03-07 22:36:00
rahul,87.91.42.8,UK,Manchester,failed,2026-03-21 19:29:00
rahul,72.179.74.86,India,Mumbai,success,2026-03-29 07:09:00
vikram,107.101.153.202,Canada,Vancouver,success,2026-03-14 02:37:00
kiran,52.205.206.23,India,Chennai,success,2026-03-24 16:49:00
sankar,56.50.146.107,Canada,Toronto,success,2026-03-02 07:49:00
sankar,152.88.181.67,USA,Los Angeles,success,2026-03-27 12:55:00
sankar,75.25.87.232,India,Bangalore,success,2026-03-15 14:46:00
vikram,153.120.174.240,USA,New York,failed,2026-03-27 14:12:00
john,112.71.41.43,India,Delhi,success,2026-03-15 08:54:00
bob,93.233.255.27,Germany,Munich,success,2026-03-29 07:46:00
charan,20.236.173.23,Australia,Melbourne,success,2026-03-27 19:21:00
bob,72.136.175.110,Germany,Munich,success,2026-03-25 21:49:00
bob,236.184.147.218,USA,Chicago,success,2026-03-30 19:12:00
vikram,73.231.195.65,UK,London,failed,2026-03-19 02:28:00
vikram,73.212.152.233,India,Mumbai,success,2026-03-30 09:27:00
john,41.126.6.254,Australia,Sydney,failed,2026-03-12 01:38:00
vikram,154.30.234.50,Canada,Vancouver,failed,2026-03-03 17:22:00
sankar,215.11.211.160,Germany,Munich,failed,2026-03-21 00:59:00
alice,140.18.90.62,UK,Manchester,success,2026-03-02 09:49:00
meera,74.180.94.177,UK,London,failed,2026-03-26 22:56:00
deepa,7.32.58.66,Australia,Sydney,failed,2026-03-25 10:32:00
rahul,27.55.241.209,Germany,Munich,success,2026-03-23 11:42:00
bob,223.255.128.46,Australia,Melbourne,failed,2026-03-06 19:23:00
deepa,9.251.120.246,UK,London,success,2026-03-15 14:58:00
meera,68.105.168.135,USA,Chicago,success,2026-03-09 14:51:00
rahul,230.118.219.182,Canada,Vancouver,failed,2026-03-16 01:02:00
bob,74.197.68.14,Canada,Vancouver,success,2026-03-09 06:48:00
charan,56.252.31.196,India,Delhi,success,2026-03-29 07:21:00
meera,24.139.218.167,Germany,Munich,failed,2026-03-28 07:04:00
kiran,118.220.49.15,India,Mumbai,success,2026-03-13 03:40:00
kiran,143.194.110.203,Germany,Berlin,success,2026-03-05 08:54:00
bob,243.23.88.191,UK,Manchester,success,2026-03-22 17:36:00
deepa,96.29.127.219,Canada,Toronto,failed,2026-03-02 02:05:00
alice,76.26.97.194,Australia,Melbourne,success,2026-03-08 06:22:00
bob,209.21.162.48,Australia,Melbourne,failed,2026-03-20 06:40:00
sankar,254.231.41.121,Germany,Berlin,success,2026-03-27 20:26:00
alice,116.161.234.228,Canada,Vancouver,success,2026-03-28 07:08:00
rahul,42.137.230.147,Australia,Melbourne,success,2026-03-25 05:20:00
rahul,16.183.188.11,Germany,Berlin,success,2026-03-05 07:44:00
meera,105.176.30.166,USA,Chicago,failed,2026-03-11 23:58:00
rahul,32.184.126.33,UK,London,success,2026-03-01 05:17:00
rahul,208.62.34.122,Canada,Vancouver,success,2026-03-20 09:03:00
john,212.34.16.45,Canada,Vancouver,success,2026-03-17 02:52:00
kiran,31.226.10.108,USA,New York,success,2026-03-11 23:43:00
charan,133.175.113.126,Germany,Berlin,success,2026-03-04 16:42:00
charan,123.5.49.15,Germany,Munich,success,2026-03-16 15:00:00
sankar,223.224.159.240,UK,Manchester,success,2026-03-24 02:16:00
bob,10.192.67.209,USA,Los Angeles,success,2026-03-05 16:53:00
meera,80.67.217.180,USA,New York,failed,2026-03-14 05:12:00
deepa,39.224.14.105,UK,London,success,2026-03-22 03:51:00
deepa,174.19.209.140,Canada,Toronto,failed,2026-03-03 21:53:00
meera,134.152.45.18,Australia,Melbourne,success,2026-03-09 23:58:00
john,29.237.43.208,Canada,Vancouver,success,2026-03-29 00:07:00
bob,25.118.58.238,Germany,Munich,failed,2026-03-26 19:42:00
rahul,43.19.12.182,Australia,Sydney,failed,2026-03-20 22:23:00
rahul,85.96.120.65,Germany,Munich,failed,2026-03-16 14:14:00
bob,239.250.198.109,Australia,Sydney,failed,2026-03-05 08:25:00
john,51.210.26.186,Canada,Vancouver,failed,2026-03-09 02:03:00
alice,180.67.59.124,India,Bangalore,success,2026-03-09 10:07:00
john,154.91.212.243,Canada,Toronto,success,2026-03-26 09:36:00
bob,138.77.195.183,Canada,Toronto,success,2026-03-03 06:11:00
rahul,118.206.69.10,USA,Los Angeles,success,2026-03-12 09:41:00
sankar,174.109.47.116,USA,New York,success,2026-03-25 00:50:00
alice,35.186.198.66,Germany,Berlin,success,2026-03-20 16:05:00
john,2.148.30.229,USA,New York,success,2026-03-29 04:32:00
vikram,245.167.73.22,UK,London,success,2026-03-06 21:59:00
meera,63.246.237.205,Australia,Melbourne,success,2026-03-12 09:37:00
alice,63.238.20.86,UK,Manchester,failed,2026-03-17 03:39:00
charan,87.169.58.223,Germany,Munich,success,2026-03-03 20:23:00
john,101.45.47.169,Canada,Vancouver,failed,2026-03-06 15:14:00
alice,148.26.52.150,Australia,Sydney,success,2026-03-13 07:39:00
meera,237.128.111.10,USA,Chicago,success,2026-03-27 04:56:00
rahul,201.103.189.125,UK,Manchester,failed,2026-03-03 02:42:00
vikram,227.65.203.207,Germany,Berlin,failed,2026-03-28 06:08:00
john,182.55.192.133,Canada,Vancouver,success,2026-03-27 18:10:00
charan,119.176.196.99,Canada,Toronto,failed,2026-03-15 07:52:00
alice,59.53.96.81,India,Mumbai,success,2026-03-07 13:37:00
meera,169.249.187.177,India,Bangalore,success,2026-03-03 16:39:00
charan,31.66.229.27,Germany,Munich,success,2026-03-26 09:37:00
vikram,99.157.251.63,Australia,Melbourne,success,2026-03-19 12:49:00
kiran,143.56.152.124,India,Chennai,success,2026-03-22 17:57:00
charan,81.251.249.230,Canada,Toronto,success,2026-03-27 02:38:00
rahul,223.131.93.132,Australia,Sydney,failed,2026-03-02 13:30:00
charan,77.135.2.62,USA,Los Angeles,failed,2026-03-18 15:15:00
john,77.68.145.197,Australia,Sydney,success,2026-03-14 00:36:00
charan,70.145.138.137,UK,London,success,2026-03-18 18:02:00
kiran,46.77.94.29,Australia,Sydney,failed,2026-03-05 04:00:00
sankar,195.97.109.29,UK,London,success,2026-03-12 00:12:00
kiran,13.48.239.149,Australia,Melbourne,success,2026-03-11 22:00:00
bob,150.199.145.128,Australia,Sydney,failed,2026-03-13 09:52:00
john,54.123.186.13,USA,Chicago,failed,2026-03-04 18:01:00
charan,62.30.97.75,Canada,Toronto,success,2026-03-04 20:59:00
alice,119.125.129.185,UK,Manchester,failed,2026-03-23 13:44:00
sankar,210.179.200.145,USA,Chicago,success,2026-03-10 18:30:00
kiran,192.83.244.26,Canada,Vancouver,success,2026-03-19 13:30:00
kiran,186.25.216.238,Germany,Berlin,success,2026-03-21 02:14:00
bob,218.58.104.213,Germany,Munich,success,2026-03-18 02:28:00
kiran,150.76.75.18,Germany,Munich,success,2026-03-22 16:12:00
deepa,141.255.230.216,USA,Los Angeles,failed,2026-03-22 11:35:00
deepa,20.153.104.6,Australia,Melbourne,failed,2026-03-23 21:06:00
charan,147.184.215.196,USA,Chicago,failed,2026-03-15 01:48:00
rahul,53.125.238.186,Australia,Sydney,success,2026-03-23 02:29:00
meera,190.75.60.15,Canada,Vancouver,failed,2026-03-12 10:47:00
meera,178.147.203.245,Germany,Munich,failed,2026-03-07 15:50:00
rahul,18.54.48.191,India,Mumbai,success,2026-03-07 21:22:00
john,251.81.145.173,USA,Los Angeles,failed,2026-03-16 00:07:00
meera,52.207.193.122,USA,Los Angeles,success,2026-03-27 10:20:00
vikram,115.29.78.166,Canada,Vancouver,failed,2026-03-05 10:19:00
alice,187.36.38.11,Germany,Berlin,failed,2026-03-09 13:54:00
rahul,213.38.97.56,Australia,Melbourne,success,2026-03-10 18:38:00
john,59.10.207.19,UK,Manchester,success,2026-03-01 11:57:00
sankar,93.75.209.113,USA,New York,success,2026-03-10 22:22:00
rahul,227.110.231.198,India,Bangalore,success,2026-03-17 11:18:00
charan,77.106.26.133,India,Delhi,failed,2026-03-10 10:31:00
rahul,190.109.55.175,Germany,Munich,success,2026-03-20 05:01:00
alice,144.200.93.103,Canada,Vancouver,success,2026-03-04 05:22:00
alice,196.110.2.119,Germany,Munich,success,2026-03-29 17:50:00
bob,210.139.229.127,Australia,Melbourne,failed,2026-03-07 06:17:00
bob,163.31.97.118,India,Mumbai,success,2026-03-04 10:08:00
charan,57.118.253.128,India,Bangalore,success,2026-03-26 21:07:00
bob,30.96.163.174,Germany,Munich,success,2026-03-12 01:27:00
alice,29.91.171.34,India,Mumbai,success,2026-03-24 09:14:00
vikram,163.103.134.9,India,Mumbai,success,2026-03-24 04:52:00
deepa,178.143.209.56,USA,Los Angeles,success,2026-03-12 09:20:00
kiran,63.156.218.12,USA,New York,success,2026-03-11 16:34:00
alice,144.153.160.123,Germany,Berlin,failed,2026-03-10 11:12:00
deepa,214.65.61.214,USA,Chicago,success,2026-03-22 15:00:00
john,204.53.176.232,Australia,Sydney,failed,2026-03-11 07:27:00
sankar,247.254.42.28,USA,Los Angeles,success,2026-03-18 21:24:00
kiran,184.248.8.2,India,Chennai,success,2026-03-19 21:25:00
vikram,69.245.246.208,Germany,Berlin,success,2026-03-11 17:07:00
rahul,214.13.104.248,Germany,Munich,success,2026-03-02 06:46:00
deepa,140.212.70.130,Germany,Munich,success,2026-03-22 04:51:00
vikram,100.233.192.168,USA,Chicago,failed,2026-03-12 06:45:00
kiran,87.116.10.50,Germany,Berlin,success,2026-03-19 03:30:00
bob,187.228.165.22,UK,Manchester,success,2026-03-21 12:32:00
alice,223.70.166.185,USA,Los Angeles,success,2026-03-29 03:04:00
bob,249.69.81.88,Canada,Toronto,success,2026-03-02 13:42:00
kiran,60.37.232.104,USA,New York,success,2026-03-30 04:21:00
charan,115.115.180.100,Germany,Munich,failed,2026-03-22 12:04:00
bob,21.8.107.72,UK,Manchester,failed,2026-03-07 11:16:00
john,143.2.219.253,India,Chennai,success,2026-03-25 03:55:00
sankar,143.253.54.129,India,Delhi,success,2026-03-30 20:09:00
deepa,251.36.142.160,Germany,Berlin,success,2026-03-17 19:46:00
sankar,179.82.35.14,USA,Los Angeles,success,2026-03-01 01:29:00
meera,88.197.169.145,Australia,Melbourne,success,2026-03-18 13:53:00
kiran,29.74.191.162,Canada,Toronto,success,2026-03-20 01:26:00
sankar,221.25.91.17,Australia,Sydney,success,2026-03-22 07:06:00
john,216.129.132.240,Germany,Munich,success,2026-03-29 01:09:00
rahul,128.185.100.126,UK,Manchester,failed,2026-03-29 04:58:00
sankar,210.187.190.24,USA,New York,failed,2026-03-17 02:06:00
deepa,210.186.10.197,Australia,Melbourne,success,2026-03-22 09:18:00
bob,48.251.86.144,India,Mumbai,success,2026-03-18 21:57:00
meera,94.39.182.56,UK,Manchester,success,2026-03-30 06:50:00
alice,5.160.99.14,Canada,Toronto,success,2026-03-01 12:10:00
sankar,168.121.149.192,India,Delhi,success,2026-03-03 12:54:00
meera,167.228.31.153,Germany,Berlin,failed,2026-03-14 22:33:00
charan,214.215.227.109,UK,London,failed,2026-03-10 16:41:00
meera,55.110.93.231,India,Chennai,success,2026-03-19 22:50:00
rahul,57.87.73.52,USA,New York,success,2026-03-01 15:36:00
vikram,26.15.42.106,Australia,Melbourne,success,2026-03-24 23:13:00
rahul,91.87.106.250,Canada,Vancouver,success,2026-03-01 18:32:00
rahul,72.226.140.47,USA,New York,success,2026-03-02 19:56:00
deepa,155.239.6.22,India,Bangalore,failed,2026-03-05 07:44:00
rahul,122.144.134.67,India,Delhi,success,2026-03-18 09:20:00
rahul,53.221.168.6,Australia,Sydney,success,2026-03-22 13:17:00
bob,118.139.123.145,UK,London,failed,2026-03-06 14:46:00
deepa,158.229.209.216,USA,Los Angeles,failed,2026-03-09 00:53:00
john,46.178.88.44,Canada,Vancouver,failed,2026-03-13 02:43:00
sankar,254.167.95.213,India,Mumbai,success,2026-03-21 11:19:00
vikram,117.109.198.38,UK,London,success,2026-03-13 19:26:00
meera,170.37.21.31,Germany,Munich,success,2026-03-24 11:05:00
john,27.168.187.13,Australia,Sydney,failed,2026-03-17 14:29:00
sankar,98.62.196.7,USA,Chicago,success,2026-03-25 18:52:00
vikram,210.82.88.195,Germany,Berlin,failed,2026-03-22 23:25:00
meera,19.166.17.152,India,Delhi,success,2026-03-11 05:38:00
deepa,3.57.219.50,Australia,Melbourne,success,2026-03-29 21:08:00
rahul,111.197.35.80,India,Bangalore,failed,2026-03-10 00:30:00
vikram,175.193.37.241,Germany,Munich,success,2026-03-13 17:00:00
kiran,173.76.61.6,UK,London,success,2026-03-02 11:51:00
john,177.115.252.221,Canada,Vancouver,failed,2026-03-21 07:10:00
sankar,27.44.144.160,Canada,Toronto,failed,2026-03-19 20:29:00
rahul,103.242.151.104,Germany,Berlin,failed,2026-03-05 02:57:00
vikram,253.113.23.80,Canada,Vancouver,success,2026-03-26 04:04:00
john,127.137.160.111,USA,Chicago,success,2026-03-24 13:27:00
rahul,158.36.83.22,USA,Chicago,success,2026-03-29 11:42:00
alice,8.50.211.82,Canada,Toronto,success,2026-03-01 04:08:00
kiran,116.4.227.187,India,Chennai,failed,2026-03-16 12:17:00
sankar,64.167.158.68,UK,London,success,2026-03-08 07:54:00
meera,60.171.74.152,Germany,Berlin,success,2026-03-06 07:51:00
meera,187.225.252.229,USA,New York,success,2026-03-19 17:05:00
kiran,221.218.208.10,USA,Chicago,success,2026-03-20 15:29:00
bob,177.199.66.217,UK,London,success,2026-03-18 05:01:00
rahul,41.172.244.183,USA,New York,failed,2026-03-21 14:16:00
deepa,167.118.201.104,Germany,Berlin,success,2026-03-09 11:30:00
kiran,216.172.101.196,Canada,Vancouver,success,2026-03-04 19:19:00
rahul,137.145.166.7,USA,Los Angeles,success,2026-03-12 01:14:00
kiran,48.222.40.86,Canada,Vancouver,failed,2026-03-22 00:24:00
kiran,214.42.42.67,UK,London,failed,2026-03-26 14:41:00
bob,147.49.108.180,USA,Los Angeles,success,2026-03-24 18:04:00
vikram,79.245.26.48,Australia,Melbourne,success,2026-03-19 04:06:00
meera,163.8.165.20,India,Delhi,failed,2026-03-08 10:28:00
john,92.59.209.150,India,Bangalore,success,2026-03-30 00:03:00
alice,87.188.151.64,UK,Manchester,success,2026-03-05 21:52:00
sankar,163.167.204.91,Germany,Munich,failed,2026-03-26 14:21:00
bob,9.129.226.138,Canada,Vancouver,failed,2026-03-06 14:30:00
vikram,224.211.192.18,Australia,Melbourne,success,2026-03-13 04:16:00
charan,153.35.62.105,USA,Chicago,success,2026-03-26 18:17:00
rahul,27.146.25.192,UK,London,success,2026-03-02 22:46:00
bob,161.22.67.83,Australia,Sydney,failed,2026-03-18 14:39:00
john,26.102.14.40,India,Chennai,success,2026-03-20 12:04:00
deepa,73.116.143.15,USA,New York,failed,2026-03-02 13:00:00
john,254.211.107.72,Canada,Vancouver,success,2026-03-18 07:05:00
kiran,23.83.69.104,UK,London,failed,2026-03-10 19:29:00
sankar,12.63.87.161,Canada,Vancouver,failed,2026-03-23 15:28:00
meera,228.253.251.11,Canada,Vancouver,success,2026-03-25 10:05:00
vikram,244.192.253.45,USA,Chicago,failed,2026-03-16 03:16:00
vikram,66.209.206.252,India,Bangalore,failed,2026-03-14 03:26:00
bob,19.107.58.96,USA,New York,success,2026-03-07 16:46:00
alice,185.121.86.186,Australia,Melbourne,success,2026-03-01 02:01:00
deepa,200.104.169.102,Germany,Berlin,success,2026-03-05 12:01:00
alice,12.76.218.69,Canada,Toronto,success,2026-03-02 23:05:00
charan,4.44.131.231,UK,Manchester,failed,2026-03-29 01:13:00
deepa,5.237.176.176,USA,Chicago,success,2026-03-11 02:41:00
alice,85.172.5.16,India,Delhi,success,2026-03-06 02:13:00
rahul,176.201.70.140,UK,Manchester,failed,2026-03-09 01:53:00
meera,106.216.167.157,Canada,Toronto,failed,2026-03-09 04:14:00
vikram,88.131.164.109,UK,London,success,2026-03-07 09:49:00
alice,238.134.138.39,India,Mumbai,failed,2026-03-26 13:36:00
meera,158.93.191.101,Germany,Munich,failed,2026-03-14 20:44:00
charan,254.144.102.22,Germany,Munich,success,2026-03-05 15:57:00
charan,254.63.1.188,UK,Manchester,success,2026-03-10 02:19:00
alice,21.184.249.118,USA,Chicago,failed,2026-03-24 17:35:00
john,100.170.90.75,Germany,Munich,success,2026-03-28 07:55:00
alice,100.157.121.103,UK,Manchester,success,2026-03-05 07:31:00
rahul,2.13.207.90,India,Delhi,failed,2026-03-27 07:00:00
meera,239.240.8.240,Germany,Berlin,failed,2026-03-13 15:26:00
kiran,79.67.210.18,Germany,Munich,success,2026-03-12 14:41:00
alice,254.18.30.158,UK,Manchester,success,2026-03-04 11:10:00
rahul,153.6.182.85,India,Chennai,success,2026-03-09 03:16:00
meera,220.152.66.43,India,Delhi,success,2026-03-18 07:04:00
charan,5.4.168.39,UK,Manchester,success,2026-03-07 16:31:00
deepa,110.161.198.11,Canada,Toronto,failed,2026-03-07 21:49:00
alice,69.106.222.148,India,Bangalore,success,2026-03-25 03:30:00
charan,47.109.83.26,Australia,Sydney,success,2026-03-09 08:50:00
sankar,251.141.188.81,Germany,Munich,failed,2026-03-19 22:56:00
kiran,170.53.252.173,UK,Manchester,success,2026-03-15 21:01:00
rahul,56.76.174.115,Australia,Sydney,success,2026-03-22 22:29:00
vikram,86.27.166.137,Canada,Vancouver,success,2026-03-02 07:38:00
deepa,224.83.57.156,Germany,Berlin,success,2026-03-22 11:24:00
deepa,152.140.209.193,India,Chennai,success,2026-03-09 00:26:00
alice,29.120.28.191,UK,London,success,2026-03-26 10:34:00
alice,250.169.53.44,Germany,Munich,failed,2026-03-21 11:48:00
vikram,169.33.131.224,USA,Chicago,failed,2026-03-04 21:11:00
vikram,177.106.129.16,USA,Los Angeles,success,2026-03-27 11:17:00
kiran,28.211.49.121,Germany,Berlin,success,2026-03-30 21:56:00
bob,1.156.246.212,Australia,Melbourne,failed,2026-03-04 04:11:00
charan,23.132.209.131,UK,London,success,2026-03-28 16:45:00
vikram,168.125.70.95,Australia,Melbourne,success,2026-03-24 11:32:00
bob,10.119.143.214,India,Bangalore,success,2026-03-04 22:17:00
meera,40.163.233.109,Australia,Melbourne,success,2026-03-09 05:29:00
alice,103.131.202.232,Australia,Sydney,success,2026-03-29 17:00:00
bob,6.19.164.111,USA,Los Angeles,success,2026-03-28 00:18:00
deepa,33.52.12.99,Canada,Toronto,failed,2026-03-30 21:58:00
kiran,31.174.5.157,India,Chennai,success,2026-03-12 18:50:00
kiran,51.183.227.7,USA,Chicago,success,2026-03-02 04:03:00
deepa,106.205.145.170,Australia,Sydney,failed,2026-03-22 14:36:00
bob,243.193.180.172,Germany,Berlin,success,2026-03-29 08:04:00
john,149.47.43.188,UK,Manchester,failed,2026-03-13 20:39:00
charan,192.128.217.174,UK,London,success,2026-03-01 08:36:00
vikram,194.49.92.4,India,Mumbai,success,2026-03-17 05:53:00
meera,79.25.46.222,India,Mumbai,success,2026-03-04 00:41:00
alice,211.201.96.26,Australia,Sydney,success,2026-03-26 03:58:00
deepa,92.160.157.100,Australia,Melbourne,success,2026-03-06 11:14:00
alice,27.204.26.88,Australia,Sydney,success,2026-03-27 03:44:00
bob,59.155.22.126,Germany,Berlin,success,2026-03-30 02:01:00
meera,255.215.34.194,Germany,Berlin,success,2026-03-09 18:02:00
bob,27.62.177.153,UK,Manchester,failed,2026-03-25 00:05:00
sankar,239.165.86.251,UK,Manchester,success,2026-03-23 00:09:00
alice,232.9.122.135,Canada,Toronto,success,2026-03-13 07:35:00
deepa,190.213.232.62,India,Delhi,failed,2026-03-06 09:00:00
charan,70.87.105.72,Germany,Berlin,failed,2026-03-22 18:49:00
alice,211.116.74.27,UK,London,failed,2026-03-27 13:27:00
deepa,125.161.206.245,UK,London,failed,2026-03-05 03:56:00
alice,2.158.83.86,USA,Chicago,failed,2026-03-20 14:33:00
deepa,248.9.12.186,UK,London,success,2026-03-21 15:23:00
kiran,83.21.121.242,India,Bangalore,success,2026-03-11 17:00:00
deepa,227.117.54.244,India,Delhi,success,2026-03-29 01:09:00
charan,197.30.161.123,Canada,Vancouver,success,2026-03-17 19:35:00
alice,238.135.64.151,India,Bangalore,failed,2026-03-04 04:06:00
sankar,4.124.18.239,UK,London,success,2026-03-23 13:00:00
meera,54.174.64.70,USA,Chicago,success,2026-03-01 05:14:00
bob,143.15.108.243,UK,London,success,2026-03-29 16:30:00
deepa,32.211.20.112,India,Delhi,success,2026-03-16 17:59:00
alice,26.210.233.240,USA,New York,failed,2026-03-06 02:49:00
meera,150.135.204.32,UK,London,success,2026-03-14 15:16:00
vikram,140.179.158.242,USA,Los Angeles,success,2026-03-08 16:11:00
charan,134.129.95.217,Canada,Vancouver,success,2026-03-22 09:16:00
alice,21.71.138.9,Canada,Vancouver,success,2026-03-30 14:12:00
sankar,239.121.120.5,Canada,Vancouver,success,2026-03-18 03:40:00
deepa,19.14.239.202,Canada,Vancouver,failed,2026-03-19 13:26:00
charan,57.184.220.115,India,Chennai,failed,2026-03-18 00:52:00
rahul,155.177.26.229,UK,Manchester,success,2026-03-14 12:40:00
sankar,240.212.211.27,Australia,Melbourne,success,2026-03-22 04:10:00
vikram,210.209.115.245,UK,London,success,2026-03-04 04:27:00
kiran,195.191.152.17,USA,Los Angeles,success,2026-03-09 01:50:00
john,121.97.6.44,USA,Los Angeles,failed,2026-03-18 12:15:00
bob,49.94.81.88,Canada,Vancouver,success,2026-03-15 13:09:00
kiran,190.254.189.28,UK,London,success,2026-03-06 09:17:00
alice,227.156.141.250,UK,London,failed,2026-03-01 05:57:00
vikram,102.120.114.117,India,Bangalore,success,2026-03-22 00:48:00
bob,160.5.152.4,Canada,Toronto,success,2026-03-15 10:04:00
alice,28.129.149.129,UK,Manchester,success,2026-03-15 08:51:00
vikram,23.171.25.43,UK,Manchester,success,2026-03-09 09:12:00
sankar,9.54.228.142,India,Chennai,success,2026-03-28 12:54:00
alice,170.40.67.66,India,Delhi,success,2026-03-05 22:41:00
bob,198.4.167.219,India,Chennai,failed,2026-03-13 18:40:00
rahul,40.11.143.235,Canada,Vancouver,failed,2026-03-04 23:05:00
sankar,112.104.64.119,USA,Los Angeles,success,2026-03-10 17:59:00
meera,238.53.91.25,USA,Chicago,success,2026-03-19 23:43:00
vikram,110.64.48.217,Germany,Munich,success,2026-03-14 18:41:00
vikram,138.97.234.146,Germany,Berlin,failed,2026-03-13 00:48:00
sankar,126.108.142.156,India,Chennai,success,2026-03-22 04:07:00
alice,233.230.162.104,India,Mumbai,success,2026-03-02 21:29:00
vikram,234.13.74.201,USA,New York,failed,2026-03-20 09:49:00
kiran,234.78.127.237,India,Bangalore,failed,2026-03-03 06:42:00
sankar,119.220.14.232,Canada,Toronto,success,2026-03-30 09:59:00
vikram,43.117.207.251,UK,London,success,2026-03-12 03:45:00
john,156.193.166.74,Germany,Munich,failed,2026-03-24 07:36:00
john,94.7.240.185,Canada,Toronto,failed,2026-03-12 00:05:00
charan,201.91.239.26,USA,Los Angeles,failed,2026-03-26 13:57:00
charan,190.113.182.212,Australia,Melbourne,failed,2026-03-03 16:55:00
meera,17.72.238.132,India,Delhi,failed,2026-03-01 06:13:00
alice,93.55.5.5,UK,London,success,2026-03-14 20:13:00
meera,203.25.252.178,UK,Manchester,success,2026-03-24 22:09:00
charan,111.11.228.208,Germany,Munich,success,2026-03-26 06:32:00
john,194.150.114.34,Germany,Munich,success,2026-03-21 23:41:00
alice,68.219.8.203,USA,Los Angeles,success,2026-03-11 00:19:00
sankar,241.102.1.227,India,Chennai,failed,2026-03-17 03:28:00
charan,173.132.34.160,India,Delhi,success,2026-03-01 01:00:00
vikram,91.168.16.127,Germany,Berlin,failed,2026-03-13 15:32:00
charan,46.43.93.245,Australia,Melbourne,success,2026-03-15 21:18:00
meera,253.211.40.53,USA,Chicago,success,2026-03-01 14:51:00
rahul,250.114.140.147,India,Mumbai,success,2026-03-02 21:54:00
john,41.202.212.109,UK,London,success,2026-03-01 07:58:00
alice,152.148.40.241,UK,London,success,2026-03-22 07:37:00
meera,117.73.136.76,Australia,Melbourne,success,2026-03-30 22:40:00
vikram,47.83.208.100,Australia,Melbourne,success,2026-03-22 15:15:00
meera,47.253.167.139,Germany,Berlin,success,2026-03-07 05:21:00
meera,45.249.18.216,USA,New York,failed,2026-03-06 01:38:00
charan,12.229.228.65,Germany,Berlin,failed,2026-03-05 19:15:00
meera,45.50.55.30,Germany,Berlin,failed,2026-03-07 09:23:00
vikram,50.57.118.107,Canada,Vancouver,success,2026-03-03 04:58:00
sankar,6.4.121.2,USA,New York,success,2026-03-12 18:27:00
bob,30.149.2.248,Canada,Toronto,success,2026-03-17 04:55:00
alice,66.165.31.75,India,Bangalore,failed,2026-03-03 23:29:00
bob,97.51.100.80,UK,Manchester,failed,2026-03-22 23:21:00
meera,143.225.125.15,UK,Manchester,success,2026-03-24 22:24:00
vikram,72.60.232.167,Australia,Sydney,success,2026-03-10 23:44:00
john,193.122.13.71,Germany,Munich,success,2026-03-10 14:18:00
deepa,171.121.227.201,Australia,Melbourne,failed,2026-03-04 15:12:00
vikram,188.75.113.126,Canada,Toronto,success,2026-03-10 07:24:00
rahul,230.221.59.98,Germany,Munich,failed,2026-03-28 08:24:00
bob,116.114.139.185,USA,Los Angeles,success,2026-03-10 18:13:00
sankar,78.163.139.127,Canada,Toronto,success,2026-03-29 21:54:00
alice,220.65.130.126,USA,Chicago,success,2026-03-05 22:43:00
alice,97.221.108.235,UK,Manchester,failed,2026-03-09 20:12:00
charan,29.191.234.233,India,Mumbai,failed,2026-03-06 19:22:00
alice,9.119.96.150,India,Delhi,success,2026-03-28 20:02:00
rahul,252.228.170.200,UK,London,success,2026-03-15 01:47:00
alice,40.27.48.35,Australia,Melbourne,success,2026-03-19 16:08:00
meera,225.115.18.25,Germany,Munich,success,2026-03-06 05:14:00
alice,36.169.225.27,India,Delhi,success,2026-03-27 05:47:00
sankar,71.172.127.34,Canada,Toronto,success,2026-03-12 07:14:00
deepa,248.80.183.127,India,Mumbai,success,2026-03-18 13:41:00
charan,3.140.17.46,Canada,Toronto,success,2026-03-15 23:41:00
kiran,63.58.46.181,UK,London,failed,2026-03-14 06:22:00
alice,241.168.64.106,Germany,Munich,failed,2026-03-23 04:40:00
sankar,250.128.154.196,India,Mumbai,success,2026-03-22 02:55:00
alice,240.200.231.31,UK,Manchester,success,2026-03-27 17:24:00
sankar,178.175.34.23,USA,New York,success,2026-03-12 17:51:00
rahul,28.110.47.163,Germany,Munich,failed,2026-03-24 04:35:00
charan,194.158.169.177,Canada,Vancouver,success,2026-03-28 05:40:00
kiran,172.29.206.65,Australia,Melbourne,failed,2026-03-27 04:10:00
vikram,157.64.94.124,UK,Manchester,success,2026-03-24 04:06:00
deepa,21.3.204.126,Germany,Munich,success,2026-03-18 02:47:00
vikram,198.42.204.129,Germany,Munich,failed,2026-03-30 12:44:00
bob,147.14.46.103,India,Delhi,failed,2026-03-02 12:08:00
kiran,200.150.94.246,Germany,Berlin,success,2026-03-16 17:09:00
alice,5.93.239.162,Germany,Munich,failed,2026-03-28 14:35:00
deepa,57.91.69.154,Germany,Munich,failed,2026-03-24 02:56:00
deepa,149.186.223.205,UK,Manchester,success,2026-03-23 17:21:00
alice,73.11.91.214,Germany,Munich,success,2026-03-04 10:41:00
meera,165.239.211.55,Germany,Berlin,success,2026-03-28 02:41:00
sankar,3.10.79.113,USA,Los Angeles,success,2026-03-24 08:20:00
rahul,136.65.134.52,UK,Manchester,success,2026-03-29 23:30:00
kiran,54.228.221.35,Canada,Vancouver,success,2026-03-29 22:31:00
deepa,3.47.218.184,Canada,Vancouver,success,2026-03-01 07:34:00
rahul,244.150.77.110,Canada,Vancouver,success,2026-03-16 14:54:00
vikram,205.126.247.202,USA,Chicago,success,2026-03-06 17:59:00
alice,24.150.71.78,USA,Los Angeles,success,2026-03-09 17:30:00
kiran,254.195.116.236,Canada,Toronto,success,2026-03-08 06:56:00
sankar,16.175.8.155,USA,Chicago,success,2026-03-17 11:52:00
charan,99.107.139.86,UK,Manchester,success,2026-03-08 01:42:00
vikram,134.211.11.88,Germany,Berlin,failed,2026-03-16 04:37:00
bob,70.9.196.171,Australia,Melbourne,success,2026-03-02 05:10:00
deepa,9.131.67.93,Australia,Melbourne,success,2026-03-13 23:38:00
meera,113.250.114.45,Australia,Melbourne,success,2026-03-27 11:29:00
deepa,129.68.204.169,Canada,Vancouver,failed,2026-03-19 05:57:00
meera,208.179.160.67,USA,Los Angeles,success,2026-03-16 16:19:00
rahul,52.254.233.35,USA,Chicago,success,2026-03-08 14:22:00
alice,69.121.228.110,India,Mumbai,failed,2026-03-28 14:57:00
bob,53.67.248.214,USA,Chicago,success,2026-03-20 06:12:00
sankar,36.129.5.244,Australia,Sydney,failed,2026-03-17 18:42:00
john,34.165.195.186,UK,London,success,2026-03-07 23:17:00
kiran,97.157.110.221,Germany,Berlin,success,2026-03-24 08:04:00
alice,229.146.41.246,USA,Chicago,failed,2026-03-23 17:07:00
alice,38.172.183.242,Australia,Melbourne,failed,2026-03-08 10:42:00
alice,46.242.45.66,Canada,Toronto,failed,2026-03-21 18:26:00
bob,202.103.96.85,UK,London,success,2026-03-05 10:08:00
vikram,219.99.1.8,Germany,Munich,success,2026-03-27 22:30:00
john,201.113.181.229,India,Bangalore,success,2026-03-20 14:43:00
charan,108.198.147.26,USA,Chicago,success,2026-03-28 08:31:00
vikram,93.56.199.175,Canada,Vancouver,success,2026-03-30 00:56:00
john,190.245.126.91,Canada,Vancouver,success,2026-03-23 11:43:00
alice,244.113.130.233,UK,Manchester,failed,2026-03-11 08:50:00
sankar,129.103.203.189,UK,Manchester,failed,2026-03-10 08:00:00
meera,65.134.36.204,India,Bangalore,success,2026-03-10 03:28:00
alice,182.46.19.184,India,Delhi,failed,2026-03-25 08:11:00
deepa,2.161.86.172,USA,Los Angeles,success,2026-03-20 22:59:00
vikram,246.137.28.12,India,Chennai,success,2026-03-03 13:23:00
vikram,204.62.66.44,Germany,Munich,success,2026-03-28 16:29:00
vikram,152.220.35.37,Germany,Munich,success,2026-03-05 23:17:00
deepa,253.185.253.170,Germany,Berlin,success,2026-03-05 11:20:00
deepa,88.53.56.92,UK,Manchester,success,2026-03-24 03:41:00
john,121.134.232.219,Germany,Berlin,failed,2026-03-16 01:57:00
alice,255.105.142.163,Germany,Munich,success,2026-03-22 14:53:00
john,153.213.103.68,Canada,Toronto,success,2026-03-09 07:00:00
meera,145.167.89.141,Germany,Munich,failed,2026-03-05 13:54:00
rahul,212.144.94.171,USA,Los Angeles,failed,2026-03-05 15:14:00
deepa,249.79.137.153,India,Bangalore,success,2026-03-28 14:12:00
sankar,113.245.175.14,USA,Chicago,success,2026-03-17 11:13:00
bob,216.185.70.5,Australia,Melbourne,failed,2026-03-23 22:14:00
deepa,209.127.48.221,UK,London,success,2026-03-01 17:00:00
deepa,223.20.189.107,Canada,Vancouver,success,2026-03-03 07:57:00
deepa,96.101.19.34,USA,New York,success,2026-03-24 09:06:00
kiran,209.34.100.14,USA,Chicago,success,2026-03-18 00:09:00
john,200.14.129.188,Germany,Berlin,success,2026-03-21 15:14:00
charan,6.214.140.118,UK,Manchester,success,2026-03-15 10:07:00
sankar,26.248.98.79,UK,London,success,2026-03-06 17:11:00
john,168.241.235.43,Australia,Sydney,success,2026-03-28 03:02:00
kiran,51.22.62.199,Australia,Sydney,success,2026-03-28 09:33:00
john,174.115.141.234,India,Bangalore,success,2026-03-10 22:27:00
charan,71.124.203.12,India,Bangalore,success,2026-03-30 02:01:00
rahul,228.241.130.187,India,Mumbai,failed,2026-03-25 02:50:00
alice,170.25.222.9,India,Chennai,success,2026-03-01 13:49:00
bob,149.98.117.124,India,Delhi,success,2026-03-02 02:57:00
john,118.106.38.209,USA,Los Angeles,success,2026-03-18 05:26:00
deepa,37.2.152.194,India,Mumbai,failed,2026-03-02 09:06:00
meera,154.8.114.164,UK,Manchester,success,2026-03-29 22:02:00
john,172.195.114.103,Germany,Berlin,failed,2026-03-23 09:16:00
vikram,190.223.150.60,Canada,Toronto,success,2026-03-03 14:10:00
vikram,255.12.190.59,Germany,Munich,success,2026-03-26 10:08:00
rahul,177.121.124.110,India,Mumbai,success,2026-03-06 21:04:00
kiran,195.233.157.50,Australia,Melbourne,failed,2026-03-21 15:58:00
kiran,62.21.176.98,Germany,Munich,success,2026-03-20 11:56:00
kiran,169.162.15.201,India,Delhi,success,2026-03-17 23:02:00
alice,6.112.68.196,UK,Manchester,failed,2026-03-19 08:42:00
rahul,158.234.12.173,Germany,Munich,success,2026-03-15 14:26:00
charan,44.246.30.138,Germany,Berlin,failed,2026-03-17 12:08:00
vikram,178.253.53.195,Germany,Munich,success,2026-03-22 04:30:00
john,130.237.5.155,Canada,Toronto,success,2026-03-08 18:29:00
charan,72.53.245.216,UK,Manchester,success,2026-03-28 16:09:00
charan,124.127.118.38,USA,Chicago,failed,2026-03-06 04:13:00
kiran,199.119.146.161,Australia,Sydney,success,2026-03-07 04:09:00
charan,250.241.255.51,India,Chennai,success,2026-03-02 20:43:00
deepa,81.81.186.244,India,Bangalore,failed,2026-03-25 07:56:00
rahul,156.51.50.169,UK,London,success,2026-03-16 11:45:00
charan,107.166.50.191,USA,New York,success,2026-03-03 23:09:00
kiran,75.212.96.218,USA,Los Angeles,success,2026-03-09 21:13:00
alice,191.9.186.138,Australia,Sydney,success,2026-03-20 14:54:00
rahul,249.31.46.131,UK,Manchester,success,2026-03-12 03:58:00
john,54.8.191.246,Canada,Toronto,success,2026-03-02 00:07:00
alice,120.211.64.76,UK,London,failed,2026-03-18 20:06:00
rahul,74.101.221.84,Canada,Vancouver,failed,2026-03-30 01:53:00
kiran,254.125.104.204,Australia,Melbourne,failed,2026-03-24 05:29:00
john,212.86.76.246,USA,Chicago,success,2026-03-23 09:24:00
john,20.87.149.201,UK,London,failed,2026-03-14 07:18:00
kiran,118.28.225.2,USA,Los Angeles,success,2026-03-16 06:35:00
alice,206.136.26.142,USA,New York,success,2026-03-05 16:38:00
sankar,37.201.123.155,India,Delhi,success,2026-03-24 16:30:00
meera,206.71.45.206,Germany,Munich,success,2026-03-08 03:43:00
rahul,7.150.226.160,UK,London,failed,2026-03-02 07:23:00
deepa,187.91.16.18,Germany,Berlin,failed,2026-03-01 09:00:00
vikram,226.12.160.237,Australia,Sydney,success,2026-03-19 15:27:00
sankar,58.60.48.166,Canada,Vancouver,success,2026-03-09 22:32:00
alice,203.217.214.193,Germany,Munich,success,2026-03-12 15:26:00
charan,107.109.147.222,India,Chennai,success,2026-03-02 03:30:00
deepa,62.230.242.39,USA,Los Angeles,failed,2026-03-27 17:35:00
sankar,127.169.96.112,Canada,Vancouver,failed,2026-03-16 03:36:00
alice,29.157.40.58,Canada,Vancouver,success,2026-03-04 07:31:00
bob,1.40.139.30,USA,New York,success,2026-03-30 06:08:00
rahul,32.190.41.63,Canada,Toronto,success,2026-03-27 20:21:00
sankar,142.190.128.18,USA,Los Angeles,success,2026-03-06 10:58:00
alice,203.59.208.103,India,Delhi,failed,2026-03-21 18:21:00
john,235.103.13.247,Australia,Melbourne,failed,2026-03-20 09:37:00
meera,217.192.1.210,Canada,Toronto,success,2026-03-27 05:41:00
rahul,35.183.245.201,Canada,Vancouver,failed,2026-03-24 10:13:00
rahul,252.114.213.237,Canada,Toronto,success,2026-03-16 10:44:00
rahul,69.214.40.70,Germany,Munich,success,2026-03-15 15:00:00
rahul,217.226.252.93,Canada,Toronto,success,2026-03-27 04:05:00
john,16.96.178.206,Germany,Berlin,success,2026-03-15 12:09:00
sankar,136.124.169.64,USA,New York,failed,2026-03-24 01:21:00
rahul,197.189.53.213,USA,Chicago,failed,2026-03-28 22:35:00
alice,32.55.86.94,USA,Los Angeles,failed,2026-03-10 05:17:00
john,112.16.251.81,UK,Manchester,success,2026-03-05 07:49:00
meera,188.77.244.193,UK,Manchester,success,2026-03-26 21:35:00
vikram,84.105.183.225,Australia,Melbourne,success,2026-03-04 04:49:00
deepa,205.61.199.40,USA,Los Angeles,success,2026-03-26 00:52:00
rahul,214.211.170.41,Canada,Vancouver,success,2026-03-13 04:43:00
kiran,73.213.209.214,Germany,Berlin,success,2026-03-10 14:55:00
alice,25.118.75.200,India,Bangalore,success,2026-03-15 05:06:00
vikram,205.32.110.60,India,Chennai,success,2026-03-23 18:37:00
deepa,112.109.37.103,Germany,Munich,failed,2026-03-18 14:27:00
vikram,20.189.176.253,UK,Manchester,success,2026-03-17 13:04:00
vikram,167.37.98.44,Canada,Vancouver,failed,2026-03-27 23:50:00
alice,21.159.113.106,India,Chennai,success,2026-03-01 11:05:00
alice,57.113.187.98,India,Bangalore,success,2026-03-27 04:35:00
deepa,158.207.255.172,Germany,Berlin,success,2026-03-08 01:08:00
vikram,40.122.166.127,Canada,Toronto,success,2026-03-07 15:52:00
vikram,216.87.26.179,UK,London,failed,2026-03-14 16:44:00
sankar,133.140.116.63,USA,Chicago,success,2026-03-28 09:18:00
vikram,51.194.41.122,UK,Manchester,success,2026-03-02 21:14:00
kiran,4.49.126.100,Canada,Vancouver,success,2026-03-17 00:22:00
meera,116.169.224.54,India,Chennai,success,2026-03-21 06:12:00
john,96.153.40.28,India,Bangalore,failed,2026-03-03 20:20:00
meera,244.138.58.54,Canada,Vancouver,success,2026-03-03 04:27:00
rahul,25.4.116.93,Germany,Munich,success,2026-03-27 07:40:00
charan,172.168.232.98,Germany,Munich,failed,2026-03-26 05:58:00
kiran,8.53.126.218,Australia,Melbourne,success,2026-03-21 08:31:00
vikram,130.123.16.144,USA,New York,success,2026-03-16 02:29:00
deepa,226.6.216.119,Canada,Toronto,success,2026-03-26 23:46:00
deepa,223.145.35.151,USA,New York,failed,2026-03-11 12:57:00
vikram,148.202.153.6,India,Mumbai,success,2026-03-28 15:53:00
rahul,168.174.168.71,India,Delhi,success,2026-03-10 01:06:00
charan,18.11.236.105,Australia,Melbourne,success,2026-03-15 18:52:00
bob,237.187.135.52,India,Bangalore,success,2026-03-09 22:33:00
sankar,13.193.157.196,India,Delhi,success,2026-03-16 15:46:00
sankar,64.54.214.48,UK,Manchester,success,2026-03-19 01:08:00
alice,106.45.1.246,India,Mumbai,success,2026-03-02 05:51:00
vikram,121.228.74.46,UK,Manchester,failed,2026-03-02 02:56:00
bob,110.33.3.204,UK,London,success,2026-03-07 07:04:00
vikram,17.39.197.159,Canada,Toronto,success,2026-03-27 19:22:00
alice,156.44.83.176,Germany,Berlin,success,2026-03-16 04:32:00
alice,144.81.151.83,Germany,Berlin,failed,2026-03-26 12:33:00
rahul,220.73.62.100,UK,London,success,2026-03-11 23:03:00
rahul,241.221.174.64,Canada,Toronto,success,2026-03-14 05:51:00
bob,179.237.32.83,UK,London,success,2026-03-01 07:23:00
charan,130.34.174.242,Germany,Berlin,success,2026-03-29 05:34:00
sankar,60.12.11.6,Germany,Munich,success,2026-03-02 16:34:00
rahul,98.70.202.182,Australia,Sydney,success,2026-03-05 10:11:00
charan,40.125.184.7,Germany,Berlin,success,2026-03-26 04:00:00
vikram,83.137.131.245,Australia,Sydney,success,2026-03-26 17:04:00
vikram,252.106.163.107,India,Chennai,failed,2026-03-06 13:23:00
john,224.64.119.103,Australia,Sydney,success,2026-03-25 04:02:00
bob,207.169.19.30,Australia,Sydney,success,2026-03-11 00:10:00
sankar,22.49.43.133,Australia,Sydney,success,2026-03-22 06:35:00
charan,77.191.209.183,Australia,Sydney,success,2026-03-14 21:24:00
john,35.4.154.254,USA,New York,success,2026-03-30 23:07:00
kiran,239.217.135.97,India,Delhi,success,2026-03-21 05:40:00
sankar,44.253.232.107,USA,Chicago,success,2026-03-07 07:21:00
bob,53.129.171.111,USA,Chicago,success,2026-03-22 13:42:00
kiran,73.224.12.203,Germany,Munich,failed,2026-03-24 04:32:00
kiran,33.146.228.221,Australia,Melbourne,success,2026-03-06 19:33:00
bob,44.254.240.13,Canada,Vancouver,success,2026-03-14 21:47:00
rahul,174.77.157.71,Germany,Munich,failed,2026-03-20 09:45:00
deepa,24.166.4.72,USA,New York,success,2026-03-05 01:23:00
meera,111.75.226.148,Germany,Munich,success,2026-03-25 12:59:00
meera,191.77.92.42,India,Bangalore,success,2026-03-29 09:38:00
meera,157.154.17.104,Canada,Toronto,success,2026-03-01 22:46:00
bob,220.170.29.89,India,Chennai,failed,2026-03-24 00:16:00
bob,159.63.129.22,Canada,Toronto,success,2026-03-04 20:08:00
john,212.47.163.126,Germany,Munich,failed,2026-03-13 23:11:00
sankar,188.198.106.122,Canada,Toronto,failed,2026-03-26 12:24:00
sankar,84.220.92.133,UK,Manchester,success,2026-03-27 04:00:00
vikram,214.68.69.107,Canada,Vancouver,success,2026-03-07 10:10:00
kiran,105.79.225.80,USA,Chicago,success,2026-03-02 19:16:00
deepa,26.73.86.48,UK,London,success,2026-03-13 05:47:00
john,168.254.182.53,Australia,Sydney,success,2026-03-10 05:45:00
meera,195.209.91.236,Australia,Sydney,failed,2026-03-30 07:32:00
john,199.234.121.32,India,Chennai,success,2026-03-29 10:41:00
meera,33.100.232.82,UK,Manchester,success,2026-03-04 04:42:00
kiran,254.149.112.104,Germany,Munich,success,2026-03-18 23:59:00
vikram,213.59.170.85,Australia,Sydney,success,2026-03-08 05:35:00
meera,235.177.180.225,Germany,Berlin,success,2026-03-14 12:59:00
meera,147.10.50.199,UK,London,success,2026-03-23 11:41:00
meera,141.75.149.174,India,Chennai,failed,2026-03-24 11:51:00
vikram,106.125.243.196,Australia,Melbourne,failed,2026-03-23 02:48:00
deepa,71.28.18.36,USA,Chicago,failed,2026-03-20 05:26:00
vikram,220.61.238.216,Australia,Melbourne,success,2026-03-08 00:47:00
deepa,128.246.59.32,USA,New York,failed,2026-03-13 22:45:00
deepa,213.200.156.225,UK,London,success,2026-03-14 04:39:00
john,240.90.83.29,Australia,Sydney,failed,2026-03-22 07:01:00
bob,246.184.9.247,USA,Los Angeles,success,2026-03-30 15:34:00
deepa,64.209.154.43,UK,Manchester,success,2026-03-10 11:48:00
deepa,57.145.120.43,Germany,Munich,success,2026-03-29 23:28:00
deepa,132.219.87.78,UK,London,success,2026-03-19 23:28:00
bob,231.102.224.222,Canada,Vancouver,success,2026-03-01 03:53:00
alice,170.101.228.2,India,Bangalore,success,2026-03-07 16:00:00
vikram,158.132.83.59,USA,New York,success,2026-03-27 07:39:00
meera,223.18.197.26,UK,London,failed,2026-03-26 11:36:00
john,181.18.247.247,Canada,Vancouver,failed,2026-03-01 03:18:00
alice,111.181.198.251,Germany,Berlin,success,2026-03-04 00:28:00
alice,104.79.197.163,USA,Chicago,success,2026-03-27 05:42:00
kiran,72.234.86.29,UK,London,success,2026-03-03 17:33:00
charan,199.70.57.2,UK,London,success,2026-03-09 11:10:00
deepa,156.129.37.208,India,Chennai,failed,2026-03-10 21:38:00
bob,41.142.205.154,India,Bangalore,success,2026-03-27 22:31:00
sankar,114.21.56.102,UK,Manchester,failed,2026-03-16 11:13:00
charan,111.161.73.141,Australia,Melbourne,success,2026-03-22 22:27:00
john,26.55.72.59,India,Chennai,failed,2026-03-29 10:47:00
meera,77.192.215.138,UK,London,success,2026-03-19 05:05:00
kiran,100.226.222.68,India,Delhi,failed,2026-03-01 20:45:00
kiran,143.179.143.200,USA,Chicago,success,2026-03-13 04:39:00
bob,37.16.124.144,Australia,Sydney,failed,2026-03-04 19:58:00
alice,61.119.252.214,Australia,Melbourne,success,2026-03-14 06:35:00
meera,80.170.153.181,Australia,Melbourne,success,2026-03-25 17:12:00
rahul,191.106.65.49,UK,Manchester,success,2026-03-18 09:54:00
sankar,85.7.249.233,UK,Manchester,success,2026-03-06 06:49:00
charan,200.142.125.22,UK,Manchester,success,2026-03-15 07:59:00
vikram,187.73.208.206,UK,Manchester,success,2026-03-17 04:52:00
deepa,250.66.49.72,USA,Los Angeles,success,2026-03-04 12:47:00
rahul,223.51.56.209,Australia,Melbourne,success,2026-03-09 08:12:00
meera,48.140.248.57,Australia,Melbourne,success,2026-03-18 01:32:00
vikram,9.39.188.41,USA,Chicago,failed,2026-03-02 22:52:00
rahul,233.180.193.122,UK,London,success,2026-03-26 20:21:00
kiran,128.128.106.135,Germany,Berlin,success,2026-03-05 01:51:00
sankar,107.194.193.70,Germany,Berlin,success,2026-03-30 06:01:00
sankar,249.82.21.44,Australia,Sydney,success,2026-03-07 13:33:00
charan,34.216.219.119,Germany,Berlin,success,2026-03-07 15:17:00
rahul,2.111.59.48,Canada,Toronto,failed,2026-03-25 21:16:00
charan,120.16.183.178,Australia,Melbourne,success,2026-03-29 02:28:00
rahul,227.25.227.161,Australia,Melbourne,failed,2026-03-28 17:06:00
vikram,151.118.238.192,Canada,Vancouver,success,2026-03-02 02:22:00
bob,7.175.42.115,Germany,Berlin,success,2026-03-02 21:14:00
meera,69.80.49.244,Germany,Berlin,failed,2026-03-07 00:49:00
vikram,30.240.123.107,Canada,Vancouver,failed,2026-03-01 19:42:00
charan,141.81.75.87,Germany,Munich,success,2026-03-16 11:10:00
john,126.195.131.72,UK,London,success,2026-03-20 23:07:00
vikram,49.227.193.159,UK,Manchester,success,2026-03-11 20:49:00
charan,9.199.144.140,Germany,Berlin,success,2026-03-16 10:07:00
charan,183.249.247.40,Germany,Berlin,failed,2026-03-05 04:22:00
sankar,110.240.236.102,India,Mumbai,success,2026-03-03 22:26:00
deepa,178.98.56.162,UK,London,success,2026-03-29 01:01:00
john,205.131.237.7,USA,Los Angeles,failed,2026-03-05 22:24:00
sankar,222.17.114.19,Germany,Berlin,failed,2026-03-24 18:52:00
alice,45.179.219.133,UK,Manchester,success,2026-03-01 17:04:00
charan,169.143.64.252,Germany,Munich,success,2026-03-22 02:47:00
meera,76.78.10.86,India,Delhi,failed,2026-03-09 17:25:00
deepa,199.111.24.60,Australia,Sydney,failed,2026-03-26 16:13:00
sankar,78.194.254.83,UK,Manchester,success,2026-03-17 23:40:00
sankar,192.103.104.48,Germany,Berlin,success,2026-03-25 09:29:00
charan,47.107.131.253,USA,New York,success,2026-03-13 02:56:00
deepa,162.208.13.104,India,Mumbai,failed,2026-03-24 10:56:00
deepa,201.75.255.174,Canada,Vancouver,success,2026-03-15 14:51:00
